"{""1"": {""seller_id"": {""host_addr"": ""127.0.1.1:10010"", ""peer_id"": 4}, ""completed"": true, ""product_name"": ""Fish"", ""buyer_id"": {""host_addr"": ""127.0.1.1:10007"", ""peer_id"": 1}}}"
"{""2"": {""product_name"": ""Salt"", ""seller_id"": {""host_addr"": ""127.0.1.1:10012"", ""peer_id"": 6}, ""completed"": true, ""buyer_id"": {""host_addr"": ""127.0.1.1:10009"", ""peer_id"": 3}}}"
"{""3"": {""seller_id"": {""host_addr"": ""127.0.1.1:10008"", ""peer_id"": 2}, ""buyer_id"": {""host_addr"": ""127.0.1.1:10011"", ""peer_id"": 5}, ""completed"": true, ""product_name"": ""Boar""}}"
"{""4"": {""seller_id"": {""host_addr"": ""127.0.1.1:10012"", ""peer_id"": 6}, ""completed"": true, ""product_name"": ""Salt"", ""buyer_id"": {""host_addr"": ""127.0.1.1:10007"", ""peer_id"": 1}}}"
"{""5"": {""product_name"": ""Boar"", ""seller_id"": {""host_addr"": ""127.0.1.1:10008"", ""peer_id"": 2}, ""completed"": true, ""buyer_id"": {""host_addr"": ""127.0.1.1:10009"", ""peer_id"": 3}}}"
"{""6"": {""seller_id"": {""host_addr"": ""127.0.1.1:10010"", ""peer_id"": 4}, ""buyer_id"": {""host_addr"": ""127.0.1.1:10011"", ""peer_id"": 5}, ""completed"": true, ""product_name"": ""Fish""}}"
"{""7"": {""seller_id"": {""host_addr"": ""127.0.1.1:10008"", ""peer_id"": 2}, ""completed"": true, ""product_name"": ""Boar"", ""buyer_id"": {""host_addr"": ""127.0.1.1:10007"", ""peer_id"": 1}}}"
"{""8"": {""product_name"": ""Fish"", ""seller_id"": {""host_addr"": ""127.0.1.1:10008"", ""peer_id"": 2}, ""completed"": true, ""buyer_id"": {""host_addr"": ""127.0.1.1:10009"", ""peer_id"": 3}}}"
"{""9"": {""seller_id"": {""host_addr"": ""127.0.1.1:10013"", ""peer_id"": 7}, ""buyer_id"": {""host_addr"": ""127.0.1.1:10011"", ""peer_id"": 5}, ""completed"": true, ""product_name"": ""Salt""}}"
"{""1"": {""product_name"": ""Fish"", ""buyer_id"": {""peer_id"": 1, ""host_addr"": ""127.0.0.1:10007""}, ""seller_id"": {""peer_id"": 4, ""host_addr"": ""127.0.0.1:10010""}, ""completed"": false}}"
"{""1"": {""product_name"": ""Fish"", ""buyer_id"": {""peer_id"": 1, ""host_addr"": ""127.0.0.1:10007""}, ""seller_id"": {""peer_id"": 4, ""host_addr"": ""127.0.0.1:10010""}, ""completed"": true}}"
"{""2"": {""product_name"": ""Salt"", ""buyer_id"": {""peer_id"": 3, ""host_addr"": ""127.0.0.1:10009""}, ""seller_id"": {""peer_id"": 6, ""host_addr"": ""127.0.0.1:10012""}, ""completed"": false}}"
"{""2"": {""product_name"": ""Salt"", ""buyer_id"": {""peer_id"": 3, ""host_addr"": ""127.0.0.1:10009""}, ""seller_id"": {""peer_id"": 6, ""host_addr"": ""127.0.0.1:10012""}, ""completed"": true}}"
"{""3"": {""product_name"": ""Boar"", ""buyer_id"": {""peer_id"": 5, ""host_addr"": ""127.0.0.1:10011""}, ""seller_id"": {""peer_id"": 2, ""host_addr"": ""127.0.0.1:10008""}, ""completed"": false}}"
"{""3"": {""product_name"": ""Boar"", ""buyer_id"": {""peer_id"": 5, ""host_addr"": ""127.0.0.1:10011""}, ""seller_id"": {""peer_id"": 2, ""host_addr"": ""127.0.0.1:10008""}, ""completed"": true}}"
"{""4"": {""product_name"": ""Salt"", ""buyer_id"": {""peer_id"": 1, ""host_addr"": ""127.0.0.1:10007""}, ""seller_id"": {""peer_id"": 6, ""host_addr"": ""127.0.0.1:10012""}, ""completed"": false}}"
"{""4"": {""product_name"": ""Salt"", ""buyer_id"": {""peer_id"": 1, ""host_addr"": ""127.0.0.1:10007""}, ""seller_id"": {""peer_id"": 6, ""host_addr"": ""127.0.0.1:10012""}, ""completed"": true}}"
"{""5"": {""product_name"": ""Boar"", ""buyer_id"": {""peer_id"": 3, ""host_addr"": ""127.0.0.1:10009""}, ""seller_id"": {""peer_id"": 2, ""host_addr"": ""127.0.0.1:10008""}, ""completed"": false}}"
"{""5"": {""product_name"": ""Boar"", ""buyer_id"": {""peer_id"": 3, ""host_addr"": ""127.0.0.1:10009""}, ""seller_id"": {""peer_id"": 2, ""host_addr"": ""127.0.0.1:10008""}, ""completed"": true}}"
"{""6"": {""product_name"": ""Fish"", ""buyer_id"": {""peer_id"": 5, ""host_addr"": ""127.0.0.1:10011""}, ""seller_id"": {""peer_id"": 4, ""host_addr"": ""127.0.0.1:10010""}, ""completed"": false}}"
"{""6"": {""product_name"": ""Fish"", ""buyer_id"": {""peer_id"": 5, ""host_addr"": ""127.0.0.1:10011""}, ""seller_id"": {""peer_id"": 4, ""host_addr"": ""127.0.0.1:10010""}, ""completed"": true}}"
"{""7"": {""product_name"": ""Boar"", ""buyer_id"": {""peer_id"": 1, ""host_addr"": ""127.0.0.1:10007""}, ""seller_id"": {""peer_id"": 2, ""host_addr"": ""127.0.0.1:10008""}, ""completed"": false}}"
"{""7"": {""product_name"": ""Boar"", ""buyer_id"": {""peer_id"": 1, ""host_addr"": ""127.0.0.1:10007""}, ""seller_id"": {""peer_id"": 2, ""host_addr"": ""127.0.0.1:10008""}, ""completed"": true}}"
"{""8"": {""product_name"": ""Fish"", ""buyer_id"": {""peer_id"": 3, ""host_addr"": ""127.0.0.1:10009""}, ""seller_id"": {""peer_id"": 4, ""host_addr"": ""127.0.0.1:10010""}, ""completed"": false}}"
"{""8"": {""product_name"": ""Fish"", ""buyer_id"": {""peer_id"": 3, ""host_addr"": ""127.0.0.1:10009""}, ""seller_id"": {""peer_id"": 4, ""host_addr"": ""127.0.0.1:10010""}, ""completed"": true}}"
"{""9"": {""product_name"": ""Salt"", ""buyer_id"": {""peer_id"": 5, ""host_addr"": ""127.0.0.1:10011""}, ""seller_id"": {""peer_id"": 7, ""host_addr"": ""127.0.0.1:10013""}, ""completed"": false}}"
"{""9"": {""product_name"": ""Salt"", ""buyer_id"": {""peer_id"": 5, ""host_addr"": ""127.0.0.1:10011""}, ""seller_id"": {""peer_id"": 7, ""host_addr"": ""127.0.0.1:10013""}, ""completed"": true}}"
"{""1"": {""product_name"": ""Fish"", ""buyer_id"": {""peer_id"": 1, ""host_addr"": ""127.0.0.1:10030""}, ""seller_id"": {""peer_id"": 4, ""host_addr"": ""127.0.0.1:10033""}, ""completed"": false}}"
"{""1"": {""product_name"": ""Fish"", ""buyer_id"": {""peer_id"": 1, ""host_addr"": ""127.0.0.1:10030""}, ""seller_id"": {""peer_id"": 4, ""host_addr"": ""127.0.0.1:10033""}, ""completed"": true}}"
"{""2"": {""product_name"": ""Salt"", ""buyer_id"": {""peer_id"": 3, ""host_addr"": ""127.0.0.1:10032""}, ""seller_id"": {""peer_id"": 6, ""host_addr"": ""127.0.0.1:10035""}, ""completed"": false}}"
"{""2"": {""product_name"": ""Salt"", ""buyer_id"": {""peer_id"": 3, ""host_addr"": ""127.0.0.1:10032""}, ""seller_id"": {""peer_id"": 6, ""host_addr"": ""127.0.0.1:10035""}, ""completed"": true}}"
"{""3"": {""product_name"": ""Boar"", ""buyer_id"": {""peer_id"": 5, ""host_addr"": ""127.0.0.1:10034""}, ""seller_id"": {""peer_id"": 2, ""host_addr"": ""127.0.0.1:10031""}, ""completed"": false}}"
"{""3"": {""product_name"": ""Boar"", ""buyer_id"": {""peer_id"": 5, ""host_addr"": ""127.0.0.1:10034""}, ""seller_id"": {""peer_id"": 2, ""host_addr"": ""127.0.0.1:10031""}, ""completed"": true}}"
"{""4"": {""product_name"": ""Salt"", ""buyer_id"": {""peer_id"": 1, ""host_addr"": ""127.0.0.1:10030""}, ""seller_id"": {""peer_id"": 6, ""host_addr"": ""127.0.0.1:10035""}, ""completed"": false}}"
"{""4"": {""product_name"": ""Salt"", ""buyer_id"": {""peer_id"": 1, ""host_addr"": ""127.0.0.1:10030""}, ""seller_id"": {""peer_id"": 6, ""host_addr"": ""127.0.0.1:10035""}, ""completed"": true}}"
"{""5"": {""product_name"": ""Boar"", ""buyer_id"": {""peer_id"": 3, ""host_addr"": ""127.0.0.1:10032""}, ""seller_id"": {""peer_id"": 2, ""host_addr"": ""127.0.0.1:10031""}, ""completed"": false}}"
"{""5"": {""product_name"": ""Boar"", ""buyer_id"": {""peer_id"": 3, ""host_addr"": ""127.0.0.1:10032""}, ""seller_id"": {""peer_id"": 2, ""host_addr"": ""127.0.0.1:10031""}, ""completed"": true}}"
"{""6"": {""product_name"": ""Fish"", ""buyer_id"": {""peer_id"": 5, ""host_addr"": ""127.0.0.1:10034""}, ""seller_id"": {""peer_id"": 4, ""host_addr"": ""127.0.0.1:10033""}, ""completed"": false}}"
"{""6"": {""product_name"": ""Fish"", ""buyer_id"": {""peer_id"": 5, ""host_addr"": ""127.0.0.1:10034""}, ""seller_id"": {""peer_id"": 4, ""host_addr"": ""127.0.0.1:10033""}, ""completed"": true}}"
"{""7"": {""product_name"": ""Boar"", ""buyer_id"": {""peer_id"": 1, ""host_addr"": ""127.0.0.1:10030""}, ""seller_id"": {""peer_id"": 2, ""host_addr"": ""127.0.0.1:10031""}, ""completed"": false}}"
"{""7"": {""product_name"": ""Boar"", ""buyer_id"": {""peer_id"": 1, ""host_addr"": ""127.0.0.1:10030""}, ""seller_id"": {""peer_id"": 2, ""host_addr"": ""127.0.0.1:10031""}, ""completed"": true}}"
"{""8"": {""product_name"": ""Fish"", ""buyer_id"": {""peer_id"": 3, ""host_addr"": ""127.0.0.1:10032""}, ""seller_id"": {""peer_id"": 4, ""host_addr"": ""127.0.0.1:10033""}, ""completed"": false}}"
"{""8"": {""product_name"": ""Fish"", ""buyer_id"": {""peer_id"": 3, ""host_addr"": ""127.0.0.1:10032""}, ""seller_id"": {""peer_id"": 4, ""host_addr"": ""127.0.0.1:10033""}, ""completed"": true}}"
"{""9"": {""product_name"": ""Salt"", ""buyer_id"": {""peer_id"": 5, ""host_addr"": ""127.0.0.1:10034""}, ""seller_id"": {""peer_id"": 7, ""host_addr"": ""127.0.0.1:10036""}, ""completed"": false}}"
"{""9"": {""product_name"": ""Salt"", ""buyer_id"": {""peer_id"": 5, ""host_addr"": ""127.0.0.1:10034""}, ""seller_id"": {""peer_id"": 7, ""host_addr"": ""127.0.0.1:10036""}, ""completed"": true}}"
"{""1"": {""product_name"": ""Fish"", ""buyer_id"": {""peer_id"": 1, ""host_addr"": ""127.0.0.1:10030""}, ""seller_id"": {""peer_id"": 4, ""host_addr"": ""127.0.0.1:10033""}, ""completed"": false}}"
"{""1"": {""product_name"": ""Fish"", ""buyer_id"": {""peer_id"": 1, ""host_addr"": ""127.0.0.1:10030""}, ""seller_id"": {""peer_id"": 4, ""host_addr"": ""127.0.0.1:10033""}, ""completed"": true}}"
"{""2"": {""product_name"": ""Salt"", ""buyer_id"": {""peer_id"": 3, ""host_addr"": ""127.0.0.1:10032""}, ""seller_id"": {""peer_id"": 6, ""host_addr"": ""127.0.0.1:10035""}, ""completed"": false}}"
"{""2"": {""product_name"": ""Salt"", ""buyer_id"": {""peer_id"": 3, ""host_addr"": ""127.0.0.1:10032""}, ""seller_id"": {""peer_id"": 6, ""host_addr"": ""127.0.0.1:10035""}, ""completed"": true}}"
"{""3"": {""product_name"": ""Boar"", ""buyer_id"": {""peer_id"": 5, ""host_addr"": ""127.0.0.1:10034""}, ""seller_id"": {""peer_id"": 2, ""host_addr"": ""127.0.0.1:10031""}, ""completed"": false}}"
"{""3"": {""product_name"": ""Boar"", ""buyer_id"": {""peer_id"": 5, ""host_addr"": ""127.0.0.1:10034""}, ""seller_id"": {""peer_id"": 2, ""host_addr"": ""127.0.0.1:10031""}, ""completed"": true}}"
"{""4"": {""product_name"": ""Salt"", ""buyer_id"": {""peer_id"": 1, ""host_addr"": ""127.0.0.1:10030""}, ""seller_id"": {""peer_id"": 6, ""host_addr"": ""127.0.0.1:10035""}, ""completed"": false}}"
"{""4"": {""product_name"": ""Salt"", ""buyer_id"": {""peer_id"": 1, ""host_addr"": ""127.0.0.1:10030""}, ""seller_id"": {""peer_id"": 6, ""host_addr"": ""127.0.0.1:10035""}, ""completed"": true}}"
"{""5"": {""product_name"": ""Boar"", ""buyer_id"": {""peer_id"": 3, ""host_addr"": ""127.0.0.1:10032""}, ""seller_id"": {""peer_id"": 2, ""host_addr"": ""127.0.0.1:10031""}, ""completed"": false}}"
"{""5"": {""product_name"": ""Boar"", ""buyer_id"": {""peer_id"": 3, ""host_addr"": ""127.0.0.1:10032""}, ""seller_id"": {""peer_id"": 2, ""host_addr"": ""127.0.0.1:10031""}, ""completed"": true}}"
"{""6"": {""product_name"": ""Fish"", ""buyer_id"": {""peer_id"": 5, ""host_addr"": ""127.0.0.1:10034""}, ""seller_id"": {""peer_id"": 4, ""host_addr"": ""127.0.0.1:10033""}, ""completed"": false}}"
"{""6"": {""product_name"": ""Fish"", ""buyer_id"": {""peer_id"": 5, ""host_addr"": ""127.0.0.1:10034""}, ""seller_id"": {""peer_id"": 4, ""host_addr"": ""127.0.0.1:10033""}, ""completed"": true}}"
"{""7"": {""product_name"": ""Boar"", ""buyer_id"": {""peer_id"": 1, ""host_addr"": ""127.0.0.1:10030""}, ""seller_id"": {""peer_id"": 2, ""host_addr"": ""127.0.0.1:10031""}, ""completed"": false}}"
"{""7"": {""product_name"": ""Boar"", ""buyer_id"": {""peer_id"": 1, ""host_addr"": ""127.0.0.1:10030""}, ""seller_id"": {""peer_id"": 2, ""host_addr"": ""127.0.0.1:10031""}, ""completed"": true}}"
"{""8"": {""product_name"": ""Fish"", ""buyer_id"": {""peer_id"": 3, ""host_addr"": ""127.0.0.1:10032""}, ""seller_id"": {""peer_id"": 4, ""host_addr"": ""127.0.0.1:10033""}, ""completed"": false}}"
"{""8"": {""product_name"": ""Fish"", ""buyer_id"": {""peer_id"": 3, ""host_addr"": ""127.0.0.1:10032""}, ""seller_id"": {""peer_id"": 4, ""host_addr"": ""127.0.0.1:10033""}, ""completed"": true}}"
"{""9"": {""product_name"": ""Salt"", ""buyer_id"": {""peer_id"": 5, ""host_addr"": ""127.0.0.1:10034""}, ""seller_id"": {""peer_id"": 2, ""host_addr"": ""127.0.0.1:10031""}, ""completed"": false}}"
"{""9"": {""product_name"": ""Salt"", ""buyer_id"": {""peer_id"": 5, ""host_addr"": ""127.0.0.1:10034""}, ""seller_id"": {""peer_id"": 2, ""host_addr"": ""127.0.0.1:10031""}, ""completed"": true}}"
"{""1"": {""product_name"": ""Fish"", ""buyer_id"": {""peer_id"": 1, ""host_addr"": ""127.0.0.1:10030""}, ""seller_id"": {""peer_id"": 4, ""host_addr"": ""127.0.0.1:10033""}, ""completed"": false}}"
"{""1"": {""product_name"": ""Fish"", ""buyer_id"": {""peer_id"": 1, ""host_addr"": ""127.0.0.1:10030""}, ""seller_id"": {""peer_id"": 4, ""host_addr"": ""127.0.0.1:10033""}, ""completed"": true}}"
"{""2"": {""product_name"": ""Salt"", ""buyer_id"": {""peer_id"": 3, ""host_addr"": ""127.0.0.1:10032""}, ""seller_id"": {""peer_id"": 6, ""host_addr"": ""127.0.0.1:10035""}, ""completed"": false}}"
"{""2"": {""product_name"": ""Salt"", ""buyer_id"": {""peer_id"": 3, ""host_addr"": ""127.0.0.1:10032""}, ""seller_id"": {""peer_id"": 6, ""host_addr"": ""127.0.0.1:10035""}, ""completed"": true}}"
"{""3"": {""product_name"": ""Boar"", ""buyer_id"": {""peer_id"": 5, ""host_addr"": ""127.0.0.1:10034""}, ""seller_id"": {""peer_id"": 2, ""host_addr"": ""127.0.0.1:10031""}, ""completed"": false}}"
"{""3"": {""product_name"": ""Boar"", ""buyer_id"": {""peer_id"": 5, ""host_addr"": ""127.0.0.1:10034""}, ""seller_id"": {""peer_id"": 2, ""host_addr"": ""127.0.0.1:10031""}, ""completed"": true}}"
"{""4"": {""product_name"": ""Salt"", ""buyer_id"": {""peer_id"": 1, ""host_addr"": ""127.0.0.1:10030""}, ""seller_id"": {""peer_id"": 6, ""host_addr"": ""127.0.0.1:10035""}, ""completed"": false}}"
"{""4"": {""product_name"": ""Salt"", ""buyer_id"": {""peer_id"": 1, ""host_addr"": ""127.0.0.1:10030""}, ""seller_id"": {""peer_id"": 6, ""host_addr"": ""127.0.0.1:10035""}, ""completed"": true}}"
"{""5"": {""product_name"": ""Boar"", ""buyer_id"": {""peer_id"": 3, ""host_addr"": ""127.0.0.1:10032""}, ""seller_id"": {""peer_id"": 2, ""host_addr"": ""127.0.0.1:10031""}, ""completed"": false}}"
"{""5"": {""product_name"": ""Boar"", ""buyer_id"": {""peer_id"": 3, ""host_addr"": ""127.0.0.1:10032""}, ""seller_id"": {""peer_id"": 2, ""host_addr"": ""127.0.0.1:10031""}, ""completed"": true}}"
"{""6"": {""product_name"": ""Fish"", ""buyer_id"": {""peer_id"": 5, ""host_addr"": ""127.0.0.1:10034""}, ""seller_id"": {""peer_id"": 4, ""host_addr"": ""127.0.0.1:10033""}, ""completed"": false}}"
"{""6"": {""product_name"": ""Fish"", ""buyer_id"": {""peer_id"": 5, ""host_addr"": ""127.0.0.1:10034""}, ""seller_id"": {""peer_id"": 4, ""host_addr"": ""127.0.0.1:10033""}, ""completed"": true}}"
"{""7"": {""product_name"": ""Boar"", ""buyer_id"": {""peer_id"": 1, ""host_addr"": ""127.0.0.1:10030""}, ""seller_id"": {""peer_id"": 2, ""host_addr"": ""127.0.0.1:10031""}, ""completed"": false}}"
"{""7"": {""product_name"": ""Boar"", ""buyer_id"": {""peer_id"": 1, ""host_addr"": ""127.0.0.1:10030""}, ""seller_id"": {""peer_id"": 2, ""host_addr"": ""127.0.0.1:10031""}, ""completed"": true}}"
"{""8"": {""product_name"": ""Fish"", ""buyer_id"": {""peer_id"": 3, ""host_addr"": ""127.0.0.1:10032""}, ""seller_id"": {""peer_id"": 4, ""host_addr"": ""127.0.0.1:10033""}, ""completed"": false}}"
"{""8"": {""product_name"": ""Fish"", ""buyer_id"": {""peer_id"": 3, ""host_addr"": ""127.0.0.1:10032""}, ""seller_id"": {""peer_id"": 4, ""host_addr"": ""127.0.0.1:10033""}, ""completed"": true}}"
"{""9"": {""product_name"": ""Salt"", ""buyer_id"": {""peer_id"": 5, ""host_addr"": ""127.0.0.1:10034""}, ""seller_id"": {""peer_id"": 6, ""host_addr"": ""127.0.0.1:10035""}, ""completed"": false}}"
"{""9"": {""product_name"": ""Salt"", ""buyer_id"": {""peer_id"": 5, ""host_addr"": ""127.0.0.1:10034""}, ""seller_id"": {""peer_id"": 6, ""host_addr"": ""127.0.0.1:10035""}, ""completed"": true}}"
